Date,Type,Name,Author
12/27/2015,Book,Benjamin Franklin: An American Life,Walter Isaacson
1/14/2016,Book,Why Did the Chicken Cross the World?,Andrew Lawler
1/23/2016,Book,Siddhartha,Herman Hesse
2/25/2016,Book,Americanah,Chimamanda Adichie
2/29/2016,Book,Dataclysm,Christian Rudder
3/21/2016,Book,The Power of the Dog,Don Winslow
5/13/2016,Book,The Life and Death of Great American Cities,Jane Jacobs
5/19/2016,Book,Fortune Smiles,Adam Johnson
6/3/2016,Book,10:04,Ben Lerner
6/11/2016,Book,Station 11,Emily St. John Mandel
6/14/2016,Book,Fledgling,Octavia Butler
6/27/2016,Book,The Three Body Problem,Cixin Liu
7/1/2016,Book,Between the World and Me,Ta-Nehisi Coates
8/14/2016,Book,Founding Brothers,Joseph J Ellis
9/5/2016,Book,The Boys in the Boat,Daniel James Brown
9/12/2016,Book,Hillbilly Elegy,J. D. Vance
10/1/2016,Book,Binti,Nnedi Okorafor
10/15/2016,Book,Seveneves,Neal Stephenson
11/16/2016,Book,Building a Movement to End the New Jim Crow,Daniel Hunter
12/8/2016,Book,Democracy for Realists,Christopher Achens and Larry Bartels
12/18/2016,Book,My Brilliant Friend,Elena Ferrante
12/22/2016,Book,The House of God,Samuel Shem
12/30/2016,Book,The Undoing Project,Michael Lewis
1/8/2017,Book,Beloved,Toni Morrison
1/24/2017,Book,Oil,Vaclav Smil
2/2/2017,Book,Lexicon,Max Barry
2/8/2017,Book,The Art of War,Sun Tzu
2/13/2017,Book,Capitalist Realism,Mark Fisher
2/20/2017,Book,Olive Kitteridge,Elizabeth Strout
3/3/2017,Book,Getting to Yes,Roger Fisher and William Ury
3/17/2017,Book,The Grapes of Wrath,John Steinbeck
3/24/2017,Book,White Rage,Carol Anderson
4/4/2017,Book,Lincoln in the Bardo,George Saunders
4/24/2017,Book,The Shame of the Nation: The Restoration of Aparthied Schooling in America,Jonathan Kozol
5/5/2017,Book,Weapons of Math Destruction,Cathy O'Neil
5/17/2017,Book,The Argonauts,Maggie Nelson
6/4/2017,Book,Ready Player One,Ernst Cline
7/15/2017,Book,The Attention Merchants,Tim Wu
7/28/2017,Book,Spin,Robet Charles Wilson
8/11/2017,Book,What I Talk About When I Talk About Running,Haruki Murakami
9/3/2017,Book,Norweigan Wood,Haruki Murakami
11/14/2017,Book,Evicted,Matthew Desmond
11/17/2017,Book,The Black Monday Murders: Volume 1,Jonathan Hickman
11/21/2017,Book,Zero to One,Peter Thiel
11/30/2017,Book,The Unbanking of America,Lisa Servon
12/7/2017,Book,Black Flags: The Rise of ISIS,Joby Warrick
12/21/2017,Book,The Power of Habit,Charles Duhigg
12/25/2017,Book,Bluets,Maggie Nelson
1/11/2018,Book,The Nix,Nathan Hill
1/21/2018,Book,Homegoing,Yaa Gyasi
2/2/2018,Book,White Noise,Don Delillo
3/9/2018,Book,Mistborn: The Last Empire,Brian Sanderson
3/17/2018,Book,Unfamiliar Fishes,Sarah Vowell
3/17/2018,Book,The Checklist Manifesto,Atul Gawande
4/28/2018,Book,American Pastoral,Philip Roth
5/5/2018,Book,The Opposite of Loneliness,Marina Keegan
5/19/2018,Book,The Shipping News,Anne Proulx
7/2/2018,Book,Bobos in Paradise,David Brooks
7/24/2018,Book,Pachinko,Min Jin Lee
7/29/2018,Book,A Picture of Dorian Gray,Oscar Wilde
8/9/2018,Book,Men Without Women,Haruki Murakami
9/7/2018,Book,Built,Roma Agrawal
9/22/2018,Book,Severance,Ling Ma
10/7/2018,Book,The Gone World,Tom Sweterlitsch
11/12/2018,Book,Why Buddhism Is True,Robin Wright
11/22/2018,Book,Why We Sleep,Matthew Walker
1/4/2019,Book,Sour Heart,Jenny Zhang
2/3/2019,Book,Fox 8,George Saunders
2/3/2019,Book,The Remains of the Day,Kazuo Ishiguro
2/19/2019,Book,The Marriage Plot,Jeffrey Eugenides
3/19/2019,Book,The Idiot,Elif Batuman
4/21/2019,Book,Middlesex,Jeffrey Eugenides
4/24/2019,Book,The Order of the Day,Éric Vuillard
5/5/2019,Book,Four Futures,Peter Frase
5/26/2019,Book,Green Metropolis,David Owen
6/10/2019,Book,The Mote in God's Eye,Larry Niven and Jerry Pournelle
6/18/2019,Book,Getting It Done: How to Lead When You're Not In Charge,John Richardson and Roger Fisher
7/14/2019,Book,Give and Take,Adam Grant
7/20/2019,Book,Washington Black,Esi Edugyan
7/23/2019,Book,Stories of Your Life and Others,Ted Chiang
7/30/2019,Book,The Killing Moon,N.K. Jemisin
8/11/2019,Book,The Underground Railroad,Colson Whitehead
8/30/2019,Book,Exhalation,Ted Chiang
10/1/2019,Book,Sapiens,Yuval Harari
10/15/2019,Book,Expecting Better,Emily Oster
11/4/2019,Book,Childhood's End,Arthur C. Clarke
11/11/2019,Book,Home Remedies,Xuan Juliana Wang
12/1/2019,Book,The Wild Shore,Kim Stanley Robinson
12/16/2019,Book,Cribsheet,Emily Oster
12/22/2019,Book,Pride and Prejudice,Jane Austen
1/15/2020,Book,The Reactionary Mind,Corey Robin
2/1/2020,Book,Virtual Light,William Gibson
2/18/2020,Book,Down and Out in the Magic Kingdom,Cory Doctorow
3/14/2020,Book,How to Do Nothing,Jenny Odell
5/23/2020,Book,The Goldfinch,Donna Tart
8/23/2020,Book,The Saint of Mt. Koya,Izumi Kyora
2/1/2021,Book,The Manager's Path,Camille Fournier
2/26/2021,Book,Birding Without Borders,Noah Stryckland
2/24/2021,Book,Lean Analytics,Alistair Croll and Benjamin Yoskovitz
3/2/2021,Book,Writers & Lovers,Lily King
8/26/2021,Book,The Wise Man's Fear,Patrick Rothfuss
9/16/2021,Book,Never Split the Difference,Christopher Voss
9/16/2021,Book,The Poppy War,R.F. Kuang
10/17/2021,Book,The Killing Floor (Jack Reacher),Lee Child
11/20/2021,Book,I Like to Watch,Emily Nussbaum
11/27/2021,Book,There There,Tommy Orange
12/14/2021,Book,Harlem Shuffle,Colson Whitehead
8/13/2022,Book,Freedom,Jonathan Franzen
3/21/2023,Book,The Spy who Came In From The Cold,John La Carre
5/7/2023,Book,Birnam Wood,Eleanor Catton
7/10/2023,Book,No Bad Kids: Toddler Discipline without Shame,Janet Lansbury
8/26/2023,Book,Chip Wars ,Chris Miller
9/25/2023,Book,Circe,Margaret Miller
10/16/2023,Book,Prep,Curtis Sittenfeld
10/23/2023,Book,Romantic Comedy,Curtis Sittenfeld
11/16/2023,Book,Gideon the Ninth,Tamsyn Muir
12/15/2023,Book,Convenience Store Woman,Sayaka Murata
1/7/2024,Book,Making Number Counts,Chip Heath
2/4/2024,Book,Demon Copperhead,Barbara Kingsolver
2/19/2024,Book,"Tinker, Tailor, Soldier, Spy",John le Carre
3/29/2024,Book,Superpumped,Mike Isaac
5/9/2024,Book,The Honourable Schoolboy,John le Carre
5/17/2024,Book,A Psalm for the Wild-Built,Becky Chambers
5/30/2024,Book,A Prayer for the Crown-shy,Becky Chambers
6/2/2024,Book,Sharks in the Time of Saviors,Kawai Strong Washburn
6/4/2024,Book,"To Be Taught, If Fortunate",Becky Chambers
7/1/2024,Book,Light from Uncommon Stars,Ryka Aoki
7/15/2024,Book,Strangers on a Train,Patricia Highsmith 
8/3/2024,Book,Kitchen Confidential ,Anthony Bourdain
8/18/2024,Book,Too Like the Lightning,Ada Palmer
8/29/2024,Book,Seven Surrenders,Ada Palmer
9/7/2024,Book,The Magicians,Lev Grossman
10/22/2024,Book,The Lumumba Plot,Stuart A. Reid
12/28/2024,Book,The Singapore Story,Lee Kuan Yew
1/6/2025,Book,Nickel Boys,Colson Whitehead
1/15/2025,Book,Vanishing Treasures,Katherine Rundell
1/21/2025,Book,Atomic Habits,James Clear
2/3/2025,Book,Crazy Rich Asians,Kevin Kwan
2/9/2025,Book,All Systems Red,Martha Wells
2/25/2025,Book,The Quiet American,Graham Greene
3/12/2025,Book,The Mountain in the Sea,Ray Nayler
4/1/2025,Book,Crook Manifesto,Colson Whitehead
4/18/2025,Book,Brideshead Revisited,Evelyn Waugh
5/15/2025,Book,The Wild Robot,Peter Brown
5/22/2025,Book,Down and Out in Paris and London,George Orwell
6/9/2025,Book,Normal People,Sally Rooney
6/15/2025,Book,Mr. Penumbra's 24 Hour Bookstore,Robin Sloan
6/25/2025,Book,We'll Prescribe You a Cat,Syou Ishida
8/30/2025,Book,The Yiddish Policeman's Union,Michael Chabon
11/24/2025,Book,Rubicon,Tom Holland
12/8/2025,Book,Smiley's People,John Le Carré
12/28/2025,Book,The Black Echo,Michael Connelly 
1/6/2026,Book,Damascus Station,David McCloskey
1/11/2026,Book,The Story of a New Name,Elena Ferrante
1/20/2026,Book,The Wright Brothers,David McCullough
2/2/2026,Book,The Black Ice,Michael Connelly
2/9/2026,Book,Call for the Dead,Jon La Carré
2/16/2026,Book,Digital Minimalism,Cal Newport
3/5/2026,Book,The Singapore Grip,J.G. Farrell
4/16/2026,Book,The Lost City: The Forgotten Virtues of Community in America,Alan Ehrenhalt
4/25/2026,Book,The Long Goodbye,Raymond Chandler
5/9/2026,Book,Red Harvest,Dashiell Hammett
5/16/2026,Book,The Maltese Falcon,Dashiell Hammett
6/6/2026,Book,I Deliver Parcels in Beijing,Hu Anyan
6/9/2026,Book,I Have Some Questions For You,Rebecca Makkai
6/19/2026,Book,The Snakehead,Patrick Radden Keefe
6/26/2026,Book,The Wager,David Grann
6/29/2026,Book,The Devotion of Suspect X,Keigo Higashino
7/4/2026,Book,The Wizard of Earthsea,Ursula K LeGuin
7/15/2026,Book,The Anarchy,William Dalrymple
7/19/2026,Book,Three Bags Full,Leonie Swann
7/30/2026,Book,Hawaii's Story by Hawaii's Queen,Queen Liliuokalani
8/5/2026,Book,Shanghai Girls,Lisa See
8/19/2026,Book,Ultimate Obsession,David Gessner
9/4/2022,Book,His Majesty's Dragon: Book One of Temeraire,Naomi Novik
6/9/2022,Book,Either/Or,Elif Batuman
6/11/2010,Book,The Quants,Scott Patterson
6/25/2010,Book,This Side of Paradise,F.Scott (Francis Scott) Fitzgerald
6/25/2010,Book,The 7 Habits of Highly Effective People,Stephen R. Covey
7/31/2010,Book,The Big Short: Inside the Doomsday Machine,Michael Lewis
8/8/2010,Book,A Random Walk Down Wall Street,Burton G. Malkiel
9/25/2010,Book,The Brothers Karamazov,Fyodor Dostoevsky
11/13/2010,Book,Where Good Ideas Come From,Steven Johnson
11/23/2010,Book,Anathem,Neal Stephenson
11/23/2010,Book,The Prince,Niccolo Machiavelli
11/24/2010,Book,High Fidelity,Nick Hornby
12/22/2010,Book,Drive: The Surprising Truth About What Motivates Us,Daniel H. Pink
12/25/2010,Book,A Supposedly Fun Thing I'll Never Do Again,David Foster Wallace
12/28/2010,Book,Made to Stick: Why Some Ideas Survive and Others Die,"Chip Heath, Dan Heath"
1/16/2011,Book,Bloomberg by Bloomberg,Michael R. Bloomberg
2/18/2011,Book,Culture and Anarchy,Matthew Arnold
3/3/2011,Book,Hyperion,Dan Simmons
3/27/2011,Book,"The Information: A History, a Theory, a Flood",James Gleick
4/26/2011,Book,Savages,Don Winslow
4/26/2011,Book,The Hunger Games,Suzanne Collins
6/1/2011,Book,The Great Stagnation,Tyler Cowen
6/17/2011,Book,The New New Thing: A Silicon Valley Story,Michael Lewis
6/28/2011,Book,Mockingjay,Suzanne Collins
2/5/2012,Book,WAR,Sebastian Junger
2/21/2012,Book,Veins,Drew
2/25/2012,Book,The Best American Essays 2011,"Edwidge Danticat, Robert Atwan"
2/25/2012,Book,The Best American Short Stories 2011,"Geraldine Brooks, Heidi Pitlor"
3/21/2012,Book,The Unincorporated Man,"Dani Kollin, Eytan Kollin"
6/12/2012,Book,A Mathematician's Apology,G. H. Hardy
6/18/2012,Book,Las Brujas,Roald Dahl
6/25/2012,Book,The Kings of Cool,Don Winslow
7/9/2012,Book,Existence,David Brin
7/26/2012,Book,Nietzsche Complete Works,"Friedrich Nietzsche, Elisabeth Forster-Nietzsche"
7/29/2012,Book,Team of Rivals: The Political Genius of Abraham Lincoln,Doris Kearns Goodwin
8/4/2012,Book,Rainbows End,Vernor Vinge
8/20/2012,Book,World War Z: An Oral History of the Zombie War,Max Brooks
8/25/2012,Book,Stiff: The Curious Lives of Human Cadavers,Mary Roach
9/23/2012,Book,Stranger in a Strange Land,Robert A. Heinlein
9/23/2012,Book,The Art of Fielding,Chad Harbach
12/17/2012,Book,Straight Man,Richard Russo
12/30/2012,Book,"Destiny of the Republic: A Tale of Madness, Medicine and the Murder of a President",Candice Millard
1/9/2013,Book,The Lean Startup: How Today's Entrepreneurs Use Continuous Innovation to Create Radically Successful Businesses,Eric Ries
1/24/2013,Book,The Best American Mystery Stories 2012,"Tom Andes, Peter S. Beagle, K. L. Cook, Jason DeYoung, Kathleen Ford, Jesse Goolsby, Mary Gaitskill, Thomas J. Rice, Otto Penzler, Robert Crais"
1/24/2013,Book,The Best American Nonrequired Reading 2012,Dave Eggers
1/24/2013,Book,The Best American Short Stories 2012,"Tom Perrotta, Heidi Pitlor"
1/24/2013,Book,The Best American Essays 2012,"Robert Atwan, David Brooks , Miah Arnold"
3/21/2013,Book,Civilization: The West and the Rest,Niall Ferguson
3/21/2013,Book,"Empires of the Sea: The Siege of Malta, the Battle of Lepanto, and the Contest for the Center of the World",Roger Crowley
3/21/2013,Book,The Ascent of Money: A Financial History of the World,Niall Ferguson
4/11/2013,Book,The Fall of Hyperion,Dan Simmons
10/27/2013,Book,American Gods,Neil Gaiman
10/27/2013,Book,"In the Garden of Beasts: Love, Terror, and an American Family in Hitler's Berlin",Erik Larson
10/27/2013,Book,Neuromancer,William Gibson
11/3/2013,Book,What Is Node?,Brett McLaughlin
11/5/2013,Book,The Idealist: Jeffrey Sachs and the Quest to End Poverty,Nina Munk
2/13/2014,Book,The Last Policeman,Ben H. Winters
3/17/2014,Book,The Circle,Dave Eggers
3/23/2014,Book,The Martian,Andy Weir
4/3/2014,Book,The Hot Zone: The Terrifying True Story of the Origins of the Ebola Virus,Richard Preston
4/13/2014,Book,Einstein's Dreams,Alan Lightman
7/6/2014,Book,The Sign of the Four (Sherlock Holmes Book 2),Sir Arthur Conan Doyle
8/5/2014,Book,The Launch Pad: Inside Y Combinator,Randall E. Stross
9/9/2014,Book,Scoop,Evelyn Waugh
9/9/2014,Book,A Confederacy of Dunces,John Kennedy Toole
9/17/2014,Book,Rework,"Jason Fried, David Heinemeier Hansson"
9/18/2014,Book,Dawn,Octavia E. Butler
9/28/2014,Book,Adulthood Rites,Octavia E. Butler
10/8/2014,Book,Imago,Octavia E. Butler
11/23/2014,Book,A Clockwork Orange,Anthony Burgess
12/10/2014,Book,Total Recall: My Unbelievably True Life Story,Arnold Schwarzenegger
12/12/2014,Book,Kindred,Octavia Butler
12/20/2014,Book,The Lessons of History,"Will Durant, Ariel Durant"
12/30/2014,Book,How To Win Friends and Influence People,Dale Carnegie
7/7/2015,Book,The Name of the Wind,Patrick Rothfuss
7/31/2015,Book,"Zero to One: Notes on Startups, or How to Build the Future","Peter Thiel, Blake Masters"
8/7/2015,Book,The Autobiography of Benjamin Franklin,"Benjamin Franklin, Charles William Eliot"
10/7/2015,Book,Walden,Henry David Thoreau
12/1/2015,Book,Future Visions: Original Science Fiction Inspired by Microsoft,"David Brin, Nancy Kress, Ann Leckie"
